url,titulo,longitud
https://p-504a1c92-1d94-487b-8364-de7732b71d11.presencepreview.site/,Kristina Baez | Your New Jersey Real Estate Expert,50
https://p-504a1c92-1d94-487b-8364-de7732b71d11.presencepreview.site/properties,New Jersey Homes & Property Listings | Kristina Baez,52
https://p-504a1c92-1d94-487b-8364-de7732b71d11.presencepreview.site/home-valuation,Personalized New Jersey Home Valuation | Kristina Baez,54
https://p-504a1c92-1d94-487b-8364-de7732b71d11.presencepreview.site,Kristina Baez | Your New Jersey Real Estate Expert,50
https://p-504a1c92-1d94-487b-8364-de7732b71d11.presencepreview.site/neighborhoods,Explore New Jersey Neighborhoods | Kristina Baez RE Expert,58
https://p-504a1c92-1d94-487b-8364-de7732b71d11.presencepreview.site/about,Meet Kristina Baez - Your New Jersey Real Estate Agent,54
https://p-504a1c92-1d94-487b-8364-de7732b71d11.presencepreview.site/testimonials,Client Testimonials & Success Stories | Kristina Baez,53
https://p-504a1c92-1d94-487b-8364-de7732b71d11.presencepreview.site/builders,Know Your Luxury Home Builders | Kristina Baez RE Expert,56
https://p-504a1c92-1d94-487b-8364-de7732b71d11.presencepreview.site/blog,New Jersey Real Estate & Community Blog | Kristina Baez,55
https://p-504a1c92-1d94-487b-8364-de7732b71d11.presencepreview.site/contact,Get in Touch | Kristina Baez Real Estate Agent Expert,53
https://p-504a1c92-1d94-487b-8364-de7732b71d11.presencepreview.site/terms-and-conditions,Privacy Policy | Kristina Baez  Real Estate Agent,49
